(1 GPU)version,average time(s)
0,24.843180
1,34.26320
2,25.24298
3,35.27316
4,35.26508
5,26.15154
6,24.98334
7,34.55438
8,28.043920